"laureate_id","Org_id","Organization_Name","Founded_Country","Org_Founded_Date"
"1026","Human","N/A","N/A","N/A"
"1027","Human","N/A","N/A","N/A"
"1028","Human","N/A","N/A","N/A"
"1033","Human","N/A","N/A","N/A"
"1032","Human","N/A","N/A","N/A"
"1034","Human","N/A","N/A","N/A"
"1029","Human","N/A","N/A","N/A"
"1030","Human","N/A","N/A","N/A"
"1031","Human","N/A","N/A","N/A"
"1011","Human","N/A","N/A","N/A"
"1012","Human","N/A","N/A","N/A"
"1013","Human","N/A","N/A","N/A"
"1014","Human","N/A","N/A","N/A"
"1018","Human","N/A","N/A","N/A"
"1019","Human","Memorial","Russia","1987-01-01 00:00:00"
"1020","Human","Center for Civil Liberties","Ukraine","2007-01-01 00:00:00"
"1017","Human","N/A","N/A","N/A"
"1021","Human","N/A","N/A","N/A"
"1022","Human","N/A","N/A","N/A"
"1023","Human","N/A","N/A","N/A"
"1015","Human","N/A","N/A","N/A"
"1016","Human","N/A","N/A","N/A"
"743","Human","N/A","N/A","N/A"
"743","Human","N/A","N/A","N/A"
"997","Human","N/A","N/A","N/A"
"998","Human","N/A","N/A","N/A"
"999","Human","N/A","N/A","N/A"
"1000","Human","N/A","N/A","N/A"
"1001","Human","N/A","N/A","N/A"
"1005","Human","N/A","N/A","N/A"
"1006","Human","N/A","N/A","N/A"
"1004","Human","N/A","N/A","N/A"
"1007","Human","N/A","N/A","N/A"
"1008","Human","N/A","N/A","N/A"
"1009","Human","N/A","N/A","N/A"
"1002","Human","N/A","N/A","N/A"
"1003","Human","N/A","N/A","N/A"
"985","Human","N/A","N/A","N/A"
"986","Human","N/A","N/A","N/A"
"987","Human","N/A","N/A","N/A"
"988","Human","N/A","N/A","N/A"
"989","Human","N/A","N/A","N/A"
"990","Human","N/A","N/A","N/A"
"994","Human","World Food Programme","N/A","1961-01-01 00:00:00"
"993","Human","N/A","N/A","N/A"
"995","Human","N/A","N/A","N/A"
"996","Human","N/A","N/A","N/A"
"991","Human","N/A","N/A","N/A"
"992","Human","N/A","N/A","N/A"
"970","Human","N/A","N/A","N/A"
"971","Human","N/A","N/A","N/A"
"972","Human","N/A","N/A","N/A"
"973","Human","N/A","N/A","N/A"
"974","Human","N/A","N/A","N/A"
"975","Human","N/A","N/A","N/A"
"981","Human","N/A","N/A","N/A"
"980","Human","N/A","N/A","N/A"
"982","Human","N/A","N/A","N/A"
"983","Human","N/A","N/A","N/A"
"984","Human","N/A","N/A","N/A"
"976","Human","N/A","N/A","N/A"
"977","Human","N/A","N/A","N/A"
"978","Human","N/A","N/A","N/A"
"958","Human","N/A","N/A","N/A"
"959","Human","N/A","N/A","N/A"
"960","Human","N/A","N/A","N/A"
"961","Human","N/A","N/A","N/A"
"962","Human","N/A","N/A","N/A"
"966","Human","N/A","N/A","N/A"
"967","Human","N/A","N/A","N/A"
"979","Human","N/A","N/A","N/A"
"968","Human","N/A","N/A","N/A"
"969","Human","N/A","N/A","N/A"
"963","Human","N/A","N/A","N/A"
"964","Human","N/A","N/A","N/A"
"965","Human","N/A","N/A","N/A"
"938","Human","N/A","N/A","N/A"
"939","Human","N/A","N/A","N/A"
"940","Human","N/A","N/A","N/A"
"941","Human","N/A","N/A","N/A"
"942","Human","N/A","N/A","N/A"
"943","Human","N/A","N/A","N/A"
"948","Human","International Campaign to Abolish Nuclear Weapons","Australia","2007-01-01 00:00:00"
"947","Human","N/A","N/A","N/A"
"949","Human","N/A","N/A","N/A"
"944","Human","N/A","N/A","N/A"
"945","Human","N/A","N/A","N/A"
"946","Human","N/A","N/A","N/A"
"927","Human","N/A","N/A","N/A"
"928","Human","N/A","N/A","N/A"
"929","Human","N/A","N/A","N/A"
"930","Human","N/A","N/A","N/A"
"934","Human","N/A","N/A","N/A"
"937","Human","N/A","N/A","N/A"
"935","Human","N/A","N/A","N/A"
"936","Human","N/A","N/A","N/A"
"931","Human","N/A","N/A","N/A"
"932","Human","N/A","N/A","N/A"
"933","Human","N/A","N/A","N/A"
"916","Human","N/A","N/A","N/A"
"917","Human","N/A","N/A","N/A"
"918","Human","N/A","N/A","N/A"
"919","Human","N/A","N/A","N/A"
"920","Human","N/A","N/A","N/A"
"925","Human","National Dialogue Quartet","N/A","N/A"
"924","Human","N/A","N/A","N/A"
"926","Human","N/A","N/A","N/A"
"921","Human","N/A","N/A","N/A"
"922","Human","N/A","N/A","N/A"
"923","Human","N/A","N/A","N/A"
"903","Human","N/A","N/A","N/A"
"904","Human","N/A","N/A","N/A"
"905","Human","N/A","N/A","N/A"
"906","Human","N/A","N/A","N/A"
"907","Human","N/A","N/A","N/A"
"908","Human","N/A","N/A","N/A"
"913","Human","N/A","N/A","N/A"
"914","Human","N/A","N/A","N/A"
"912","Human","N/A","N/A","N/A"
"915","Human","N/A","N/A","N/A"
"909","Human","N/A","N/A","N/A"
"910","Human","N/A","N/A","N/A"
"911","Human","N/A","N/A","N/A"
"884","Human","N/A","N/A","N/A"
"885","Human","N/A","N/A","N/A"
"886","Human","N/A","N/A","N/A"
"887","Human","N/A","N/A","N/A"
"888","Human","N/A","N/A","N/A"
"893","Human","Organisation for the Prohibition of Chemical Weapons","N/A","1997-01-01 00:00:00"
"892","Human","N/A","N/A","N/A"
"894","Human","N/A","N/A","N/A"
"895","Human","N/A","N/A","N/A"
"896","Human","N/A","N/A","N/A"
"889","Human","N/A","N/A","N/A"
"890","Human","N/A","N/A","N/A"
"891","Human","N/A","N/A","N/A"
"874","Human","N/A","N/A","N/A"
"875","Human","N/A","N/A","N/A"
"876","Human","N/A","N/A","N/A"
"877","Human","N/A","N/A","N/A"
"881","Human","European Union","N/A","1952-01-01 00:00:00"
"880","Human","N/A","N/A","N/A"
"882","Human","N/A","N/A","N/A"
"883","Human","N/A","N/A","N/A"
"878","Human","N/A","N/A","N/A"
"879","Human","N/A","N/A","N/A"
"861","Human","N/A","N/A","N/A"
"862","Human","N/A","N/A","N/A"
"863","Human","N/A","N/A","N/A"
"864","Human","N/A","N/A","N/A"
"865","Human","N/A","N/A","N/A"
"866","Human","N/A","N/A","N/A"
"869","Human","N/A","N/A","N/A"
"870","Human","N/A","N/A","N/A"
"871","Human","N/A","N/A","N/A"
"868","Human","N/A","N/A","N/A"
"872","Human","N/A","N/A","N/A"
"873","Human","N/A","N/A","N/A"
"867","Human","N/A","N/A","N/A"
"848","Human","N/A","N/A","N/A"
"849","Human","N/A","N/A","N/A"
"850","Human","N/A","N/A","N/A"
"855","Human","N/A","N/A","N/A"
"854","Human","N/A","N/A","N/A"
"856","Human","N/A","N/A","N/A"
"857","Human","N/A","N/A","N/A"
"858","Human","N/A","N/A","N/A"
"851","Human","N/A","N/A","N/A"
"852","Human","N/A","N/A","N/A"
"853","Human","N/A","N/A","N/A"
"835","Human","N/A","N/A","N/A"
"836","Human","N/A","N/A","N/A"
"837","Human","N/A","N/A","N/A"
"838","Human","N/A","N/A","N/A"
"839","Human","N/A","N/A","N/A"
"840","Human","N/A","N/A","N/A"
"845","Human","N/A","N/A","N/A"
"844","Human","N/A","N/A","N/A"
"846","Human","N/A","N/A","N/A"
"847","Human","N/A","N/A","N/A"
"841","Human","N/A","N/A","N/A"
"842","Human","N/A","N/A","N/A"
"843","Human","N/A","N/A","N/A"
"823","Human","N/A","N/A","N/A"
"824","Human","N/A","N/A","N/A"
"825","Human","N/A","N/A","N/A"
"826","Human","N/A","N/A","N/A"
"827","Human","N/A","N/A","N/A"
"828","Human","N/A","N/A","N/A"
"833","Human","N/A","N/A","N/A"
"832","Human","N/A","N/A","N/A"
"834","Human","N/A","N/A","N/A"
"829","Human","N/A","N/A","N/A"
"830","Human","N/A","N/A","N/A"
"831","Human","N/A","N/A","N/A"
"811","Human","N/A","N/A","N/A"
"812","Human","N/A","N/A","N/A"
"813","Human","N/A","N/A","N/A"
"814","Human","N/A","N/A","N/A"
"815","Human","N/A","N/A","N/A"
"818","Human","Intergovernmental Panel on Climate Change","USA","1988-01-01 00:00:00"
"819","Human","N/A","N/A","N/A"
"817","Human","N/A","N/A","N/A"
"820","Human","N/A","N/A","N/A"
"821","Human","N/A","N/A","N/A"
"822","Human","N/A","N/A","N/A"
"816","Human","N/A","N/A","N/A"
"802","Human","N/A","N/A","N/A"
"803","Human","N/A","N/A","N/A"
"804","Human","N/A","N/A","N/A"
"805","Human","N/A","N/A","N/A"
"809","Human","N/A","N/A","N/A"
"810","Human","Grameen Bank","Bangladesh","1976-01-01 00:00:00"
"808","Human","N/A","N/A","N/A"
"807","Human","N/A","N/A","N/A"
"806","Human","N/A","N/A","N/A"
"789","Human","N/A","N/A","N/A"
"790","Human","N/A","N/A","N/A"
"791","Human","N/A","N/A","N/A"
"792","Human","N/A","N/A","N/A"
"793","Human","N/A","N/A","N/A"
"797","Human","International Atomic Energy Agency","Austria","1957-01-01 00:00:00"
"798","Human","N/A","N/A","N/A"
"801","Human","N/A","N/A","N/A"
"799","Human","N/A","N/A","N/A"
"800","Human","N/A","N/A","N/A"
"794","Human","N/A","N/A","N/A"
"795","Human","N/A","N/A","N/A"
"796","Human","N/A","N/A","N/A"
"774","Human","N/A","N/A","N/A"
"775","Human","N/A","N/A","N/A"
"776","Human","N/A","N/A","N/A"
"777","Human","N/A","N/A","N/A"
"778","Human","N/A","N/A","N/A"
"783","Human","N/A","N/A","N/A"
"782","Human","N/A","N/A","N/A"
"786","Human","N/A","N/A","N/A"
"787","Human","N/A","N/A","N/A"
"779","Human","N/A","N/A","N/A"
"780","Human","N/A","N/A","N/A"
"781","Human","N/A","N/A","N/A"
"764","Human","N/A","N/A","N/A"
"765","Human","N/A","N/A","N/A"
"766","Human","N/A","N/A","N/A"
"767","Human","N/A","N/A","N/A"
"768","Human","N/A","N/A","N/A"
"773","Human","N/A","N/A","N/A"
"763","Human","N/A","N/A","N/A"
"771","Human","N/A","N/A","N/A"
"772","Human","N/A","N/A","N/A"
"769","Human","N/A","N/A","N/A"
"770","Human","N/A","N/A","N/A"
"750","Human","N/A","N/A","N/A"
"751","Human","N/A","N/A","N/A"
"752","Human","N/A","N/A","N/A"
"753","Human","N/A","N/A","N/A"
"754","Human","N/A","N/A","N/A"
"755","Human","N/A","N/A","N/A"
"762","Human","N/A","N/A","N/A"
"761","Human","N/A","N/A","N/A"
"759","Human","N/A","N/A","N/A"
"760","Human","N/A","N/A","N/A"
"756","Human","N/A","N/A","N/A"
"757","Human","N/A","N/A","N/A"
"758","Human","N/A","N/A","N/A"
"735","Human","N/A","N/A","N/A"
"736","Human","N/A","N/A","N/A"
"737","Human","N/A","N/A","N/A"
"738","Human","N/A","N/A","N/A"
"739","Human","N/A","N/A","N/A"
"740","Human","N/A","N/A","N/A"
"748","Human","United Nations","USA","1945-01-01 00:00:00"
"749","Human","N/A","N/A","N/A"
"747","Human","N/A","N/A","N/A"
"744","Human","N/A","N/A","N/A"
"745","Human","N/A","N/A","N/A"
"746","Human","N/A","N/A","N/A"
"741","Human","N/A","N/A","N/A"
"742","Human","N/A","N/A","N/A"
"743","Human","N/A","N/A","N/A"
"743","Human","N/A","N/A","N/A"
"722","Human","N/A","N/A","N/A"
"723","Human","N/A","N/A","N/A"
"724","Human","N/A","N/A","N/A"
"726","Human","N/A","N/A","N/A"
"727","Human","N/A","N/A","N/A"
"728","Human","N/A","N/A","N/A"
"725","Human","N/A","N/A","N/A"
"734","Human","N/A","N/A","N/A"
"732","Human","N/A","N/A","N/A"
"733","Human","N/A","N/A","N/A"
"729","Human","N/A","N/A","N/A"
"730","Human","N/A","N/A","N/A"
"731","Human","N/A","N/A","N/A"
"461","Human","N/A","N/A","N/A"
"158","Human","N/A","N/A","N/A"
"159","Human","N/A","N/A","N/A"
"568","Human","Doctors Without Borders","France","1971-01-01 00:00:00"
"676","Human","N/A","N/A","N/A"
"720","Human","N/A","N/A","N/A"
"292","Human","N/A","N/A","N/A"
"458","Human","N/A","N/A","N/A"
"459","Human","N/A","N/A","N/A"
"460","Human","N/A","N/A","N/A"
"155","Human","N/A","N/A","N/A"
"156","Human","N/A","N/A","N/A"
"157","Human","N/A","N/A","N/A"
"566","Human","N/A","N/A","N/A"
"567","Human","N/A","N/A","N/A"
"675","Human","N/A","N/A","N/A"
"719","Human","N/A","N/A","N/A"
"290","Human","N/A","N/A","N/A"
"291","Human","N/A","N/A","N/A"
"457","Human","N/A","N/A","N/A"
"152","Human","N/A","N/A","N/A"
"153","Human","N/A","N/A","N/A"
"154","Human","N/A","N/A","N/A"
"564","Human","International Campaign to Ban Landmines","USA","1992-01-01 00:00:00"
"565","Human","N/A","N/A","N/A"
"674","Human","N/A","N/A","N/A"
"717","Human","N/A","N/A","N/A"
"718","Human","N/A","N/A","N/A"
"287","Human","N/A","N/A","N/A"
"288","Human","N/A","N/A","N/A"
"289","Human","N/A","N/A","N/A"
"455","Human","N/A","N/A","N/A"
"456","Human","N/A","N/A","N/A"
"149","Human","N/A","N/A","N/A"
"150","Human","N/A","N/A","N/A"
"151","Human","N/A","N/A","N/A"
"562","Human","N/A","N/A","N/A"
"563","Human","N/A","N/A","N/A"
"673","Human","N/A","N/A","N/A"
"715","Human","N/A","N/A","N/A"
"716","Human","N/A","N/A","N/A"
"284","Human","N/A","N/A","N/A"
"285","Human","N/A","N/A","N/A"
"286","Human","N/A","N/A","N/A"
"452","Human","N/A","N/A","N/A"
"453","Human","N/A","N/A","N/A"
"454","Human","N/A","N/A","N/A"
"147","Human","N/A","N/A","N/A"
"148","Human","N/A","N/A","N/A"
"560","Human","N/A","N/A","N/A"
"561","Human","Pugwash Conferences on Science and World Affairs","Canada","1957-01-01 00:00:00"
"672","Human","N/A","N/A","N/A"
"714","Human","N/A","N/A","N/A"
"281","Human","N/A","N/A","N/A"
"282","Human","N/A","N/A","N/A"
"283","Human","N/A","N/A","N/A"
"450","Human","N/A","N/A","N/A"
"451","Human","N/A","N/A","N/A"
"145","Human","N/A","N/A","N/A"
"146","Human","N/A","N/A","N/A"
"557","Human","N/A","N/A","N/A"
"558","Human","N/A","N/A","N/A"
"559","Human","N/A","N/A","N/A"
"671","Human","N/A","N/A","N/A"
"711","Human","N/A","N/A","N/A"
"712","Human","N/A","N/A","N/A"
"713","Human","N/A","N/A","N/A"
"280","Human","N/A","N/A","N/A"
"448","Human","N/A","N/A","N/A"
"449","Human","N/A","N/A","N/A"
"143","Human","N/A","N/A","N/A"
"144","Human","N/A","N/A","N/A"
"555","Human","N/A","N/A","N/A"
"556","Human","N/A","N/A","N/A"
"670","Human","N/A","N/A","N/A"
"709","Human","N/A","N/A","N/A"
"710","Human","N/A","N/A","N/A"
"278","Human","N/A","N/A","N/A"
"279","Human","N/A","N/A","N/A"
"446","Human","N/A","N/A","N/A"
"447","Human","N/A","N/A","N/A"
"142","Human","N/A","N/A","N/A"
"554","Human","N/A","N/A","N/A"
"669","Human","N/A","N/A","N/A"
"708","Human","N/A","N/A","N/A"
"277","Human","N/A","N/A","N/A"
"444","Human","N/A","N/A","N/A"
"445","Human","N/A","N/A","N/A"
"141","Human","N/A","N/A","N/A"
"553","Human","N/A","N/A","N/A"
"668","Human","N/A","N/A","N/A"
"707","Human","N/A","N/A","N/A"
"276","Human","N/A","N/A","N/A"
"442","Human","N/A","N/A","N/A"
"443","Human","N/A","N/A","N/A"
"138","Human","N/A","N/A","N/A"
"139","Human","N/A","N/A","N/A"
"140","Human","N/A","N/A","N/A"
"552","Human","N/A","N/A","N/A"
"667","Human","N/A","N/A","N/A"
"704","Human","N/A","N/A","N/A"
"705","Human","N/A","N/A","N/A"
"706","Human","N/A","N/A","N/A"
"275","Human","N/A","N/A","N/A"
"440","Human","N/A","N/A","N/A"
"441","Human","N/A","N/A","N/A"
"135","Human","N/A","N/A","N/A"
"136","Human","N/A","N/A","N/A"
"137","Human","N/A","N/A","N/A"
"551","Human","N/A","N/A","N/A"
"666","Human","N/A","N/A","N/A"
"703","Human","N/A","N/A","N/A"
"273","Human","N/A","N/A","N/A"
"274","Human","N/A","N/A","N/A"
"437","Human","N/A","N/A","N/A"
"438","Human","N/A","N/A","N/A"
"439","Human","N/A","N/A","N/A"
"132","Human","N/A","N/A","N/A"
"133","Human","N/A","N/A","N/A"
"134","Human","N/A","N/A","N/A"
"550","Human","United Nations Peacekeeping Forces","USA","1948-01-01 00:00:00"
"665","Human","N/A","N/A","N/A"
"702","Human","N/A","N/A","N/A"
"270","Human","N/A","N/A","N/A"
"271","Human","N/A","N/A","N/A"
"272","Human","N/A","N/A","N/A"
"436","Human","N/A","N/A","N/A"
"130","Human","N/A","N/A","N/A"
"131","Human","N/A","N/A","N/A"
"549","Human","N/A","N/A","N/A"
"664","Human","N/A","N/A","N/A"
"701","Human","N/A","N/A","N/A"
"267","Human","N/A","N/A","N/A"
"268","Human","N/A","N/A","N/A"
"269","Human","N/A","N/A","N/A"
"434","Human","N/A","N/A","N/A"
"435","Human","N/A","N/A","N/A"
"127","Human","N/A","N/A","N/A"
"128","Human","N/A","N/A","N/A"
"129","Human","N/A","N/A","N/A"
"548","Human","N/A","N/A","N/A"
"663","Human","N/A","N/A","N/A"
"700","Human","N/A","N/A","N/A"
"264","Human","N/A","N/A","N/A"
"265","Human","N/A","N/A","N/A"
"266","Human","N/A","N/A","N/A"
"432","Human","N/A","N/A","N/A"
"433","Human","N/A","N/A","N/A"
"126","Human","N/A","N/A","N/A"
"547","Human","International Physicians for the Prevention of Nuclear War","USA","1980-01-01 00:00:00"
"662","Human","N/A","N/A","N/A"
"699","Human","N/A","N/A","N/A"
"262","Human","N/A","N/A","N/A"
"263","Human","N/A","N/A","N/A"
"429","Human","N/A","N/A","N/A"
"430","Human","N/A","N/A","N/A"
"431","Human","N/A","N/A","N/A"
"124","Human","N/A","N/A","N/A"
"125","Human","N/A","N/A","N/A"
"546","Human","N/A","N/A","N/A"
"661","Human","N/A","N/A","N/A"
"698","Human","N/A","N/A","N/A"
"261","Human","N/A","N/A","N/A"
"428","Human","N/A","N/A","N/A"
"122","Human","N/A","N/A","N/A"
"123","Human","N/A","N/A","N/A"
"545","Human","N/A","N/A","N/A"
"660","Human","N/A","N/A","N/A"
"697","Human","N/A","N/A","N/A"
"260","Human","N/A","N/A","N/A"
"425","Human","N/A","N/A","N/A"
"426","Human","N/A","N/A","N/A"
"427","Human","N/A","N/A","N/A"
"121","Human","N/A","N/A","N/A"
"543","Human","N/A","N/A","N/A"
"544","Human","N/A","N/A","N/A"
"659","Human","N/A","N/A","N/A"
"696","Human","N/A","N/A","N/A"
"259","Human","N/A","N/A","N/A"
"422","Human","N/A","N/A","N/A"
"423","Human","N/A","N/A","N/A"
"424","Human","N/A","N/A","N/A"
"118","Human","N/A","N/A","N/A"
"119","Human","N/A","N/A","N/A"
"120","Human","N/A","N/A","N/A"
"515","Human","Office of the United Nations High Commissioner for Refugees","Switzerland","1950-12-14 00:00:00"
"515","Human","Office of the United Nations High Commissioner for Refugees","Switzerland","1950-12-14 00:00:00"
"658","Human","N/A","N/A","N/A"
"695","Human","N/A","N/A","N/A"
"257","Human","N/A","N/A","N/A"
"258","Human","N/A","N/A","N/A"
"419","Human","N/A","N/A","N/A"
"420","Human","N/A","N/A","N/A"
"421","Human","N/A","N/A","N/A"
"116","Human","N/A","N/A","N/A"
"117","Human","N/A","N/A","N/A"
"541","Human","N/A","N/A","N/A"
"657","Human","N/A","N/A","N/A"
"694","Human","N/A","N/A","N/A"
"254","Human","N/A","N/A","N/A"
"255","Human","N/A","N/A","N/A"
"222","Human","N/A","N/A","N/A"
"222","Human","N/A","N/A","N/A"
"417","Human","N/A","N/A","N/A"
"418","Human","N/A","N/A","N/A"
"113","Human","N/A","N/A","N/A"
"114","Human","N/A","N/A","N/A"
"115","Human","N/A","N/A","N/A"
"540","Human","N/A","N/A","N/A"
"655","Human","N/A","N/A","N/A"
"692","Human","N/A","N/A","N/A"
"693","Human","N/A","N/A","N/A"
"252","Human","N/A","N/A","N/A"
"253","Human","N/A","N/A","N/A"
"414","Human","N/A","N/A","N/A"
"415","Human","N/A","N/A","N/A"
"416","Human","N/A","N/A","N/A"
"110","Human","N/A","N/A","N/A"
"111","Human","N/A","N/A","N/A"
"112","Human","N/A","N/A","N/A"
"538","Human","N/A","N/A","N/A"
"539","Human","N/A","N/A","N/A"
"654","Human","N/A","N/A","N/A"
"691","Human","N/A","N/A","N/A"
"251","Human","N/A","N/A","N/A"
"411","Human","N/A","N/A","N/A"
"412","Human","N/A","N/A","N/A"
"413","Human","N/A","N/A","N/A"
"107","Human","N/A","N/A","N/A"
"108","Human","N/A","N/A","N/A"
"109","Human","N/A","N/A","N/A"
"537","Human","Amnesty International","United Kingdom","1961-01-01 00:00:00"
"653","Human","N/A","N/A","N/A"
"689","Human","N/A","N/A","N/A"
"690","Human","N/A","N/A","N/A"
"250","Human","N/A","N/A","N/A"
"409","Human","N/A","N/A","N/A"
"410","Human","N/A","N/A","N/A"
"105","Human","N/A","N/A","N/A"
"106","Human","N/A","N/A","N/A"
"535","Human","N/A","N/A","N/A"
"536","Human","N/A","N/A","N/A"
"652","Human","N/A","N/A","N/A"
"688","Human","N/A","N/A","N/A"
"249","Human","N/A","N/A","N/A"
"406","Human","N/A","N/A","N/A"
"407","Human","N/A","N/A","N/A"
"408","Human","N/A","N/A","N/A"
"102","Human","N/A","N/A","N/A"
"103","Human","N/A","N/A","N/A"
"104","Human","N/A","N/A","N/A"
"534","Human","N/A","N/A","N/A"
"651","Human","N/A","N/A","N/A"
"686","Human","N/A","N/A","N/A"
"687","Human","N/A","N/A","N/A"
"247","Human","N/A","N/A","N/A"
"248","Human","N/A","N/A","N/A"
"403","Human","N/A","N/A","N/A"
"404","Human","N/A","N/A","N/A"
"405","Human","N/A","N/A","N/A"
"100","Human","N/A","N/A","N/A"
"101","Human","N/A","N/A","N/A"
"532","Human","N/A","N/A","N/A"
"533","Human","N/A","N/A","N/A"
"649","Human","N/A","N/A","N/A"
"650","Human","N/A","N/A","N/A"
"684","Human","N/A","N/A","N/A"
"685","Human","N/A","N/A","N/A"
"246","Human","N/A","N/A","N/A"
"400","Human","N/A","N/A","N/A"
"401","Human","N/A","N/A","N/A"
"402","Human","N/A","N/A","N/A"
"97","Human","N/A","N/A","N/A"
"98","Human","N/A","N/A","N/A"
"99","Human","N/A","N/A","N/A"
"530","Human","N/A","N/A","N/A"
"531","Human","N/A","N/A","N/A"
"648","Human","N/A","N/A","N/A"
"683","Human","N/A","N/A","N/A"
"244","Human","N/A","N/A","N/A"
"245","Human","N/A","N/A","N/A"
"398","Human","N/A","N/A","N/A"
"399","Human","N/A","N/A","N/A"
"66","Human","N/A","N/A","N/A"
"66","Human","N/A","N/A","N/A"
"95","Human","N/A","N/A","N/A"
"96","Human","N/A","N/A","N/A"
"647","Human","N/A","N/A","N/A"
"681","Human","N/A","N/A","N/A"
"682","Human","N/A","N/A","N/A"
"241","Human","N/A","N/A","N/A"
"242","Human","N/A","N/A","N/A"
"243","Human","N/A","N/A","N/A"
"397","Human","N/A","N/A","N/A"
"93","Human","N/A","N/A","N/A"
"529","Human","N/A","N/A","N/A"
"645","Human","N/A","N/A","N/A"
"680","Human","N/A","N/A","N/A"
"240","Human","N/A","N/A","N/A"
"394","Human","N/A","N/A","N/A"
"395","Human","N/A","N/A","N/A"
"396","Human","N/A","N/A","N/A"
"91","Human","N/A","N/A","N/A"
"92","Human","N/A","N/A","N/A"
"528","Human","N/A","N/A","N/A"
"644","Human","N/A","N/A","N/A"
"679","Human","N/A","N/A","N/A"
"239","Human","N/A","N/A","N/A"
"391","Human","N/A","N/A","N/A"
"392","Human","N/A","N/A","N/A"
"393","Human","N/A","N/A","N/A"
"90","Human","N/A","N/A","N/A"
"527","Human","International Labour Organization","Switzerland","1919-01-01 00:00:00"
"643","Human","N/A","N/A","N/A"
"677","Human","N/A","N/A","N/A"
"678","Human","N/A","N/A","N/A"
"237","Human","N/A","N/A","N/A"
"238","Human","N/A","N/A","N/A"
"388","Human","N/A","N/A","N/A"
"389","Human","N/A","N/A","N/A"
"390","Human","N/A","N/A","N/A"
"89","Human","N/A","N/A","N/A"
"526","Human","N/A","N/A","N/A"
"642","Human","N/A","N/A","N/A"
"236","Human","N/A","N/A","N/A"
"385","Human","N/A","N/A","N/A"
"386","Human","N/A","N/A","N/A"
"387","Human","N/A","N/A","N/A"
"88","Human","N/A","N/A","N/A"
"641","Human","N/A","N/A","N/A"
"233","Human","N/A","N/A","N/A"
"234","Human","N/A","N/A","N/A"
"235","Human","N/A","N/A","N/A"
"383","Human","N/A","N/A","N/A"
"384","Human","N/A","N/A","N/A"
"87","Human","N/A","N/A","N/A"
"639","Human","N/A","N/A","N/A"
"640","Human","N/A","N/A","N/A"
"232","Human","N/A","N/A","N/A"
"380","Human","N/A","N/A","N/A"
"381","Human","N/A","N/A","N/A"
"382","Human","N/A","N/A","N/A"
"84","Human","N/A","N/A","N/A"
"85","Human","N/A","N/A","N/A"
"86","Human","N/A","N/A","N/A"
"525","Human","United Nations Children's Fund","USA","1946-01-01 00:00:00"
"638","Human","N/A","N/A","N/A"
"231","Human","N/A","N/A","N/A"
"378","Human","N/A","N/A","N/A"
"379","Human","N/A","N/A","N/A"
"81","Human","N/A","N/A","N/A"
"82","Human","N/A","N/A","N/A"
"83","Human","N/A","N/A","N/A"
"524","Human","N/A","N/A","N/A"
"637","Human","N/A","N/A","N/A"
"230","Human","N/A","N/A","N/A"
"375","Human","N/A","N/A","N/A"
"376","Human","N/A","N/A","N/A"
"377","Human","N/A","N/A","N/A"
"78","Human","N/A","N/A","N/A"
"79","Human","N/A","N/A","N/A"
"80","Human","N/A","N/A","N/A"
"482","Human","International Committee of the Red Cross","Switzerland","1863-01-01 00:00:00"
"482","Human","International Committee of the Red Cross","Switzerland","1863-01-01 00:00:00"
"482","Human","International Committee of the Red Cross","Switzerland","1863-01-01 00:00:00"
"523","Human","League of Red Cross Societies","France","1919-01-01 00:00:00"
"635","Human","N/A","N/A","N/A"
"228","Human","N/A","N/A","N/A"
"229","Human","N/A","N/A","N/A"
"372","Human","N/A","N/A","N/A"
"373","Human","N/A","N/A","N/A"
"374","Human","N/A","N/A","N/A"
"77","Human","N/A","N/A","N/A"
"217","Human","N/A","N/A","N/A"
"217","Human","N/A","N/A","N/A"
"634","Human","N/A","N/A","N/A"
"226","Human","N/A","N/A","N/A"
"227","Human","N/A","N/A","N/A"
"371","Human","N/A","N/A","N/A"
"75","Human","N/A","N/A","N/A"
"76","Human","N/A","N/A","N/A"
"520","Human","N/A","N/A","N/A"
"633","Human","N/A","N/A","N/A"
"225","Human","N/A","N/A","N/A"
"369","Human","N/A","N/A","N/A"
"370","Human","N/A","N/A","N/A"
"74","Human","N/A","N/A","N/A"
"519","Human","N/A","N/A","N/A"
"631","Human","N/A","N/A","N/A"
"224","Human","N/A","N/A","N/A"
"367","Human","N/A","N/A","N/A"
"368","Human","N/A","N/A","N/A"
"72","Human","N/A","N/A","N/A"
"73","Human","N/A","N/A","N/A"
"518","Human","N/A","N/A","N/A"
"630","Human","N/A","N/A","N/A"
"223","Human","N/A","N/A","N/A"
"364","Human","N/A","N/A","N/A"
"365","Human","N/A","N/A","N/A"
"366","Human","N/A","N/A","N/A"
"70","Human","N/A","N/A","N/A"
"721","Human","N/A","N/A","N/A"
"71","Human","N/A","N/A","N/A"
"517","Human","N/A","N/A","N/A"
"629","Human","N/A","N/A","N/A"
"222","Human","N/A","N/A","N/A"
"222","Human","N/A","N/A","N/A"
"363","Human","N/A","N/A","N/A"
"68","Human","N/A","N/A","N/A"
"69","Human","N/A","N/A","N/A"
"516","Human","N/A","N/A","N/A"
"628","Human","N/A","N/A","N/A"
"221","Human","N/A","N/A","N/A"
"360","Human","N/A","N/A","N/A"
"361","Human","N/A","N/A","N/A"
"362","Human","N/A","N/A","N/A"
"65","Human","N/A","N/A","N/A"
"66","Human","N/A","N/A","N/A"
"66","Human","N/A","N/A","N/A"
"67","Human","N/A","N/A","N/A"
"627","Human","N/A","N/A","N/A"
"219","Human","N/A","N/A","N/A"
"220","Human","N/A","N/A","N/A"
"359","Human","N/A","N/A","N/A"
"63","Human","N/A","N/A","N/A"
"64","Human","N/A","N/A","N/A"
"626","Human","N/A","N/A","N/A"
"218","Human","N/A","N/A","N/A"
"356","Human","N/A","N/A","N/A"
"357","Human","N/A","N/A","N/A"
"358","Human","N/A","N/A","N/A"
"61","Human","N/A","N/A","N/A"
"62","Human","N/A","N/A","N/A"
"515","Human","Office of the United Nations High Commissioner for Refugees","Switzerland","1950-12-14 00:00:00"
"515","Human","Office of the United Nations High Commissioner for Refugees","Switzerland","1950-12-14 00:00:00"
"625","Human","N/A","N/A","N/A"
"217","Human","N/A","N/A","N/A"
"217","Human","N/A","N/A","N/A"
"354","Human","N/A","N/A","N/A"
"355","Human","N/A","N/A","N/A"
"60","Human","N/A","N/A","N/A"
"514","Human","N/A","N/A","N/A"
"624","Human","N/A","N/A","N/A"
"216","Human","N/A","N/A","N/A"
"353","Human","N/A","N/A","N/A"
"58","Human","N/A","N/A","N/A"
"59","Human","N/A","N/A","N/A"
"513","Human","N/A","N/A","N/A"
"623","Human","N/A","N/A","N/A"
"214","Human","N/A","N/A","N/A"
"215","Human","N/A","N/A","N/A"
"352","Human","N/A","N/A","N/A"
"56","Human","N/A","N/A","N/A"
"57","Human","N/A","N/A","N/A"
"512","Human","N/A","N/A","N/A"
"622","Human","N/A","N/A","N/A"
"212","Human","N/A","N/A","N/A"
"213","Human","N/A","N/A","N/A"
"349","Human","N/A","N/A","N/A"
"350","Human","N/A","N/A","N/A"
"351","Human","N/A","N/A","N/A"
"55","Human","N/A","N/A","N/A"
"511","Human","N/A","N/A","N/A"
"621","Human","N/A","N/A","N/A"
"210","Human","N/A","N/A","N/A"
"211","Human","N/A","N/A","N/A"
"347","Human","N/A","N/A","N/A"
"348","Human","N/A","N/A","N/A"
"54","Human","N/A","N/A","N/A"
"510","Human","N/A","N/A","N/A"
"620","Human","N/A","N/A","N/A"
"209","Human","N/A","N/A","N/A"
"346","Human","N/A","N/A","N/A"
"53","Human","N/A","N/A","N/A"
"619","Human","N/A","N/A","N/A"
"208","Human","N/A","N/A","N/A"
"343","Human","N/A","N/A","N/A"
"344","Human","N/A","N/A","N/A"
"345","Human","N/A","N/A","N/A"
"52","Human","N/A","N/A","N/A"
"508","Human","Friends Service Council","United Kingdom","N/A"
"509","Human","American Friends Service Committee","USA","1917-01-01 00:00:00"
"618","Human","N/A","N/A","N/A"
"207","Human","N/A","N/A","N/A"
"342","Human","N/A","N/A","N/A"
"51","Human","N/A","N/A","N/A"
"506","Human","N/A","N/A","N/A"
"507","Human","N/A","N/A","N/A"
"617","Human","N/A","N/A","N/A"
"204","Human","N/A","N/A","N/A"
"205","Human","N/A","N/A","N/A"
"206","Human","N/A","N/A","N/A"
"339","Human","N/A","N/A","N/A"
"340","Human","N/A","N/A","N/A"
"341","Human","N/A","N/A","N/A"
"50","Human","N/A","N/A","N/A"
"505","Human","N/A","N/A","N/A"
"615","Human","N/A","N/A","N/A"
"203","Human","N/A","N/A","N/A"
"337","Human","N/A","N/A","N/A"
"338","Human","N/A","N/A","N/A"
"49","Human","N/A","N/A","N/A"
"482","Human","International Committee of the Red Cross","Switzerland","1863-01-01 00:00:00"
"482","Human","International Committee of the Red Cross","Switzerland","1863-01-01 00:00:00"
"482","Human","International Committee of the Red Cross","Switzerland","1863-01-01 00:00:00"
"614","Human","N/A","N/A","N/A"
"202","Human","N/A","N/A","N/A"
"335","Human","N/A","N/A","N/A"
"336","Human","N/A","N/A","N/A"
"48","Human","N/A","N/A","N/A"
"201","Human","N/A","N/A","N/A"
"334","Human","N/A","N/A","N/A"
"47","Human","N/A","N/A","N/A"
"613","Human","N/A","N/A","N/A"
"199","Human","N/A","N/A","N/A"
"200","Human","N/A","N/A","N/A"
"333","Human","N/A","N/A","N/A"
"46","Human","N/A","N/A","N/A"
"503","Human","Nansen International Office for Refugees","Switzerland","1921-01-01 00:00:00"
"610","Human","N/A","N/A","N/A"
"198","Human","N/A","N/A","N/A"
"332","Human","N/A","N/A","N/A"
"44","Human","N/A","N/A","N/A"
"45","Human","N/A","N/A","N/A"
"502","Human","N/A","N/A","N/A"
"609","Human","N/A","N/A","N/A"
"196","Human","N/A","N/A","N/A"
"197","Human","N/A","N/A","N/A"
"330","Human","N/A","N/A","N/A"
"331","Human","N/A","N/A","N/A"
"42","Human","N/A","N/A","N/A"
"43","Human","N/A","N/A","N/A"
"501","Human","N/A","N/A","N/A"
"608","Human","N/A","N/A","N/A"
"195","Human","N/A","N/A","N/A"
"329","Human","N/A","N/A","N/A"
"41","Human","N/A","N/A","N/A"
"500","Human","N/A","N/A","N/A"
"193","Human","N/A","N/A","N/A"
"194","Human","N/A","N/A","N/A"
"326","Human","N/A","N/A","N/A"
"327","Human","N/A","N/A","N/A"
"328","Human","N/A","N/A","N/A"
"499","Human","N/A","N/A","N/A"
"607","Human","N/A","N/A","N/A"
"192","Human","N/A","N/A","N/A"
"325","Human","N/A","N/A","N/A"
"39","Human","N/A","N/A","N/A"
"40","Human","N/A","N/A","N/A"
"498","Human","N/A","N/A","N/A"
"606","Human","N/A","N/A","N/A"
"323","Human","N/A","N/A","N/A"
"324","Human","N/A","N/A","N/A"
"38","Human","N/A","N/A","N/A"
"605","Human","N/A","N/A","N/A"
"191","Human","N/A","N/A","N/A"
"322","Human","N/A","N/A","N/A"
"496","Human","N/A","N/A","N/A"
"497","Human","N/A","N/A","N/A"
"604","Human","N/A","N/A","N/A"
"189","Human","N/A","N/A","N/A"
"190","Human","N/A","N/A","N/A"
"321","Human","N/A","N/A","N/A"
"37","Human","N/A","N/A","N/A"
"495","Human","N/A","N/A","N/A"
"603","Human","N/A","N/A","N/A"
"188","Human","N/A","N/A","N/A"
"319","Human","N/A","N/A","N/A"
"320","Human","N/A","N/A","N/A"
"36","Human","N/A","N/A","N/A"
"494","Human","N/A","N/A","N/A"
"602","Human","N/A","N/A","N/A"
"186","Human","N/A","N/A","N/A"
"187","Human","N/A","N/A","N/A"
"318","Human","N/A","N/A","N/A"
"35","Human","N/A","N/A","N/A"
"601","Human","N/A","N/A","N/A"
"185","Human","N/A","N/A","N/A"
"317","Human","N/A","N/A","N/A"
"33","Human","N/A","N/A","N/A"
"34","Human","N/A","N/A","N/A"
"492","Human","N/A","N/A","N/A"
"493","Human","N/A","N/A","N/A"
"600","Human","N/A","N/A","N/A"
"184","Human","N/A","N/A","N/A"
"316","Human","N/A","N/A","N/A"
"32","Human","N/A","N/A","N/A"
"490","Human","N/A","N/A","N/A"
"491","Human","N/A","N/A","N/A"
"597","Human","N/A","N/A","N/A"
"183","Human","N/A","N/A","N/A"
"30","Human","N/A","N/A","N/A"
"31","Human","N/A","N/A","N/A"
"488","Human","N/A","N/A","N/A"
"489","Human","N/A","N/A","N/A"
"596","Human","N/A","N/A","N/A"
"182","Human","N/A","N/A","N/A"
"315","Human","N/A","N/A","N/A"
"29","Human","N/A","N/A","N/A"
"594","Human","N/A","N/A","N/A"
"313","Human","N/A","N/A","N/A"
"314","Human","N/A","N/A","N/A"
"28","Human","N/A","N/A","N/A"
"593","Human","N/A","N/A","N/A"
"181","Human","N/A","N/A","N/A"
"311","Human","N/A","N/A","N/A"
"312","Human","N/A","N/A","N/A"
"27","Human","N/A","N/A","N/A"
"487","Human","N/A","N/A","N/A"
"592","Human","N/A","N/A","N/A"
"180","Human","N/A","N/A","N/A"
"26","Human","N/A","N/A","N/A"
"485","Human","N/A","N/A","N/A"
"486","Human","N/A","N/A","N/A"
"590","Human","N/A","N/A","N/A"
"179","Human","N/A","N/A","N/A"
"310","Human","N/A","N/A","N/A"
"25","Human","N/A","N/A","N/A"
"484","Human","N/A","N/A","N/A"
"589","Human","N/A","N/A","N/A"
"178","Human","N/A","N/A","N/A"
"309","Human","N/A","N/A","N/A"
"24","Human","N/A","N/A","N/A"
"483","Human","N/A","N/A","N/A"
"588","Human","N/A","N/A","N/A"
"23","Human","N/A","N/A","N/A"
"177","Human","N/A","N/A","N/A"
"22","Human","N/A","N/A","N/A"
"482","Human","International Committee of the Red Cross","Switzerland","1863-01-01 00:00:00"
"482","Human","International Committee of the Red Cross","Switzerland","1863-01-01 00:00:00"
"482","Human","International Committee of the Red Cross","Switzerland","1863-01-01 00:00:00"
"586","Human","N/A","N/A","N/A"
"587","Human","N/A","N/A","N/A"
"585","Human","N/A","N/A","N/A"
"20","Human","N/A","N/A","N/A"
"21","Human","N/A","N/A","N/A"
"584","Human","N/A","N/A","N/A"
"176","Human","N/A","N/A","N/A"
"308","Human","N/A","N/A","N/A"
"19","Human","N/A","N/A","N/A"
"175","Human","N/A","N/A","N/A"
"307","Human","N/A","N/A","N/A"
"18","Human","N/A","N/A","N/A"
"481","Human","N/A","N/A","N/A"
"583","Human","N/A","N/A","N/A"
"174","Human","N/A","N/A","N/A"
"306","Human","N/A","N/A","N/A"
"17","Human","N/A","N/A","N/A"
"480","Human","N/A","N/A","N/A"
"582","Human","N/A","N/A","N/A"
"172","Human","N/A","N/A","N/A"
"173","Human","N/A","N/A","N/A"
"305","Human","N/A","N/A","N/A"
"16","Human","N/A","N/A","N/A"
"478","Human","N/A","N/A","N/A"
"479","Human","N/A","N/A","N/A"
"581","Human","N/A","N/A","N/A"
"6","Human","N/A","N/A","N/A"
"6","Human","N/A","N/A","N/A"
"304","Human","N/A","N/A","N/A"
"15","Human","N/A","N/A","N/A"
"477","Human","Permanent International Peace Bureau","Switzerland","1891-01-01 00:00:00"
"580","Human","N/A","N/A","N/A"
"169","Human","N/A","N/A","N/A"
"303","Human","N/A","N/A","N/A"
"13","Human","N/A","N/A","N/A"
"14","Human","N/A","N/A","N/A"
"475","Human","N/A","N/A","N/A"
"476","Human","N/A","N/A","N/A"
"579","Human","N/A","N/A","N/A"
"168","Human","N/A","N/A","N/A"
"301","Human","N/A","N/A","N/A"
"302","Human","N/A","N/A","N/A"
"12","Human","N/A","N/A","N/A"
"473","Human","N/A","N/A","N/A"
"474","Human","N/A","N/A","N/A"
"578","Human","N/A","N/A","N/A"
"167","Human","N/A","N/A","N/A"
"300","Human","N/A","N/A","N/A"
"11","Human","N/A","N/A","N/A"
"471","Human","N/A","N/A","N/A"
"472","Human","N/A","N/A","N/A"
"577","Human","N/A","N/A","N/A"
"166","Human","N/A","N/A","N/A"
"298","Human","N/A","N/A","N/A"
"299","Human","N/A","N/A","N/A"
"10","Human","N/A","N/A","N/A"
"470","Human","N/A","N/A","N/A"
"576","Human","N/A","N/A","N/A"
"165","Human","N/A","N/A","N/A"
"297","Human","N/A","N/A","N/A"
"9","Human","N/A","N/A","N/A"
"468","Human","N/A","N/A","N/A"
"575","Human","N/A","N/A","N/A"
"164","Human","N/A","N/A","N/A"
"296","Human","N/A","N/A","N/A"
"8","Human","N/A","N/A","N/A"
"467","Human","Institute of International Law","Belgium","1873-01-01 00:00:00"
"573","Human","N/A","N/A","N/A"
"574","Human","N/A","N/A","N/A"
"163","Human","N/A","N/A","N/A"
"295","Human","N/A","N/A","N/A"
"4","Human","N/A","N/A","N/A"
"5","Human","N/A","N/A","N/A"
"6","Human","N/A","N/A","N/A"
"6","Human","N/A","N/A","N/A"
"466","Human","N/A","N/A","N/A"
"572","Human","N/A","N/A","N/A"
"162","Human","N/A","N/A","N/A"
"294","Human","N/A","N/A","N/A"
"2","Human","N/A","N/A","N/A"
"3","Human","N/A","N/A","N/A"
"464","Human","N/A","N/A","N/A"
"465","Human","N/A","N/A","N/A"
"571","Human","N/A","N/A","N/A"
"161","Human","N/A","N/A","N/A"
"293","Human","N/A","N/A","N/A"
"1","Human","N/A","N/A","N/A"
"462","Human","N/A","N/A","N/A"
"463","Human","N/A","N/A","N/A"
"569","Human","N/A","N/A","N/A"
"160","Human","N/A","N/A","N/A"
